<?xml version="1.0" encoding="utf-8" ?>
<Defs>

  <ThingDef Name="RoofThing" Abstract="True">
    <thingClass>Building</thingClass>
    <category>Building</category>
    <soundImpactDefault>BulletImpact_Metal</soundImpactDefault>
    <graphicData>
      <graphicClass>Graphic_Single</graphicClass>
      <texPath>Transparent</texPath>
      <damageData>
        <!--  no damage marks -->
        <enabled>false</enabled>
      </damageData>
    </graphicData>
    <uiIconPath>UI/Designators/BuildRoofArea</uiIconPath>
    <leaveResourcesWhenKilled>false</leaveResourcesWhenKilled>
    <altitudeLayer>BuildingOnTop</altitudeLayer>
    <passability>Standable</passability>
    <blockWind>true</blockWind>
    <castEdgeShadows>true</castEdgeShadows>
    <fillPercent>0</fillPercent>
    <coversFloor>false</coversFloor>
    <placingDraggableDimensions>2</placingDraggableDimensions>
    <tickerType>Normal</tickerType>
    <rotatable>false</rotatable>
    <neverMultiSelect>true</neverMultiSelect>
    <!--<designationCategory>Structure</designationCategory>-->
    <terrainAffordanceNeeded>Light</terrainAffordanceNeeded>
    <staticSunShadowHeight>1.0</staticSunShadowHeight>
    <blockLight>false</blockLight>
    <canOverlapZones>true</canOverlapZones>
    <drawerType>MapMeshAndRealTime</drawerType>
    <clearBuildingArea>false</clearBuildingArea>
    <building>
      <isInert>true</isInert>
      <canPlaceOverWall>true</canPlaceOverWall>
      <isEdifice>false</isEdifice>
      <blueprintGraphicData>
        <texPath>Things/Special/TerrainBlueprint</texPath>
      </blueprintGraphicData>
    </building>
    <comps>
      <li Class="CompProperties_Forbiddable"/>
    </comps>
  </ThingDef>

  <ThingDef ParentName="RoofThing">
    <defName>RoofTransparentFraming</defName>
    <label>transparent roofing</label>
    <description>Transparent roofing lets the light through, but keeps the weather out!</description>
    <statBases>
      <WorkToBuild>100</WorkToBuild>
    </statBases>
    <costList>
      <Steel>1</Steel>
    </costList>
    <comps>
      <li Class="ExpandedRoofing.CompProperties_CustomRoof">
        <compClass>ExpandedRoofing.CompCustomRoof</compClass>
        <roofDef>RoofTransparent</roofDef>
      </li>
    </comps>
    <uiIconPath>UI/Designators/BuildRoofAreaGlass</uiIconPath>
    <researchPrerequisites>
      <li>TransparentRoofProduction</li>
    </researchPrerequisites>
  </ThingDef>

  <ThingDef ParentName="RoofThing">
    <defName>RoofSolarFraming</defName>
    <label>solar roofing</label>
    <description>Solar roofing generates power on your roof.  Requires a Solar Controller to function.</description>
    <statBases>
      <WorkToBuild>300</WorkToBuild>
    </statBases>
    <costList>
      <Steel>4</Steel>
    </costList>
    <graphicData>
      <graphicClass>Graphic_Single</graphicClass>
      <texPath>Things/Building/Power/SolarCollector</texPath>
      <shaderType>MetaOverlay</shaderType>
      <damageData>
        <!--  no damage marks -->
        <enabled>false</enabled>
      </damageData>
    </graphicData>
    <comps>
      <li Class="ExpandedRoofing.CompProperties_CustomRoof">
        <compClass>ExpandedRoofing.CompCustomRoof</compClass>
        <roofDef>RoofSolar</roofDef>
      </li>
    </comps>
    <uiIconPath>UI/Designators/BuildRoofSolarArea</uiIconPath>
    <researchPrerequisites>
      <li>SolarRoofProduction</li>
    </researchPrerequisites>
  </ThingDef>

  <ThingDef ParentName="RoofThing">
    <defName>ThickStoneRoofFraming</defName>
    <label>thick stone roofing</label>
    <description>Provides a thick roofing to keep drop pods out.</description>
    <statBases>
      <MaxHitPoints>500</MaxHitPoints>
      <WorkToBuild>500</WorkToBuild>
    </statBases>
    <stuffCategories>
      <li>Stony</li>
    </stuffCategories>
    <costList>
      <Steel>5</Steel>
    </costList>
    <costStuffCount>5</costStuffCount>
    <comps>
      <li Class="ExpandedRoofing.CompProperties_CustomRoof">
        <compClass>ExpandedRoofing.CompMaintainableRoof</compClass>
        <roofDef>ThickStoneRoof</roofDef>
      </li>
    </comps>
    <researchPrerequisites>
      <li>ThickStoneRoofProduction</li>
    </researchPrerequisites>
  </ThingDef>

</Defs>