﻿<?xml version="1.0" encoding="utf-8" ?>
<Defs>

  <RoofDef>
    <defName>RoofTransparent</defName>
    <label>transparent roof</label>
    <description>Transparent roofing lets the light through, but keeps the weather out!</description>
    <isThickRoof>false</isThickRoof>
    <isNatural>false</isNatural>
    <filthLeaving>Filth_RubbleBuilding</filthLeaving>
    <soundPunchThrough>PunchThroughRoofMetal</soundPunchThrough>
    <modExtensions>
      <li Class="ExpandedRoofing.RoofExtension">
        <spawnerDef>RoofTransparentFraming</spawnerDef>
        <transparency>0.9</transparency>
      </li>
    </modExtensions>
  </RoofDef>

  <RoofDef>
    <defName>RoofSolar</defName>
    <label>solar roof</label>
    <description>Solar roofing generates power on your roof. Requires a Solar Controller to function.</description>
    <isThickRoof>false</isThickRoof>
    <isNatural>false</isNatural>
    <filthLeaving>Filth_RubbleBuilding</filthLeaving>
    <soundPunchThrough>Roof_Collapse</soundPunchThrough>
    <modExtensions>
      <li Class="ExpandedRoofing.RoofExtension">
        <spawnerDef>RoofSolarFraming</spawnerDef>
      </li>
    </modExtensions>
  </RoofDef>

  <!-- This is basically an abstract but attribute will lead to errors...-->
  <RoofDef Name="ThickStoneRoofBase">
    <defName>ThickStoneRoof</defName>
    <label>thick stone roof</label>
    <description>Thick stone roofing. Helps keep out the drop pods and mortar rounds.</description>
    <isThickRoof>true</isThickRoof>
    <isNatural>false</isNatural>
    <filthLeaving>Filth_RubbleBuilding</filthLeaving> <!-- CollapsedRocks -->
    <soundPunchThrough>Roof_Collapse</soundPunchThrough>
    <modExtensions>
      <li Class="ExpandedRoofing.RoofExtension">
        <spawnerDef>ThickStoneRoofFraming</spawnerDef>
      </li>
    </modExtensions>
  </RoofDef>

  <RoofDef ParentName="ThickStoneRoofBase">
    <defName>JadeThickStoneRoof</defName>
    <label>jade thick stone roof</label>
  </RoofDef>

  <RoofDef ParentName="ThickStoneRoofBase">
    <defName>SandstoneThickStoneRoof</defName>
    <label>sandstone thick stone roof</label>
  </RoofDef>

  <RoofDef ParentName="ThickStoneRoofBase">
    <defName>GraniteThickStoneRoof</defName>
    <label>granite thick stone roof</label>
  </RoofDef>

  <RoofDef ParentName="ThickStoneRoofBase">
    <defName>LimestoneThickStoneRoof</defName>
    <label>limestone thick stone roof</label>
  </RoofDef>

  <RoofDef ParentName="ThickStoneRoofBase">
    <defName>SlateThickStoneRoof</defName>
    <label>slate thick stone roof</label>
  </RoofDef>

  <RoofDef ParentName="ThickStoneRoofBase">
    <defName>MarbleThickStoneRoof</defName>
    <label>marble thick stone roof</label>
  </RoofDef>

</Defs>