﻿<?xml version="1.0" encoding="utf-8"?>
<ModMetaData>
  <name>Expanded Roofing 1.4</name>
  <author>NigrumMortis (supporting 1.4) &amp; KiameV (supporting until 1.3) &amp; Why_is_that (original)</author>
  <supportedVersions>
		<li>1.4</li>
	</supportedVersions>
    <modDependencies>
		<li>
			<packageId>brrainz.harmony</packageId>
			<displayName>Harmony</displayName>
			<steamWorkshopUrl>steam://url/CommunityFilePage/2009463077</steamWorkshopUrl>
			<downloadUrl>https://github.com/pardeike/HarmonyRimWorld/releases/latest</downloadUrl>
		</li>
	</modDependencies>
	<packageId>wit.expandedroofing</packageId>
  <description>Adds customizable roofing, with transparent greenhouse roofing and photovoltaic solar roofing. Reworked from Vendan's original idea.</description>
</ModMetaData>